id,it_name,it_ability,it_level,it_variety,it_value,it_weight,it_charges,it_graphic_sheet,it_graphic_template,it_which_icon_ground,it_which_icon_inven,it_protection,it_extra_description,it_graphic_coloradj,it_can_augment
0,,,,,,,,,50,,,,,,
1,Coins,,,14,1,1,5,0,50,0,0,,,,
10,Cloak,,,1,5,20,,3,51,0,1,2,,,1
100,Wand of the Inferno,30,15,3,200,30,6,8,50,12,13,,12,4,
101,Corrupting Baton,39,14,3,200,30,6,2,51,13,14,,12,16,
102,Wand of Death,166,14,3,200,30,6,2,51,12,11,,12,16,
11,Fine Cloak,,,1,20,20,,3,51,2,3,3,,256,1
110,Thorns,50,,10,10,1,1,3,50,6,7,,13,,
111,Venom Thorns,52,,10,40,1,1,3,50,6,7,,13,512,
112,Acid Thorns,54,,10,80,1,1,7,50,14,15,,13,512,
113,Submission Thorns,56,,10,120,1,1,3,50,6,7,,13,256,
114,Reapers,58,,10,400,1,1,7,50,14,15,,13,256,
117,Shaped Lance,20,10,12,50,2,6,2,50,9,10,,14,1024,
118,Javelin,20,4,12,2,2,6,2,50,9,10,,14,,
119,Ice-Infused Crystal,32,12,9,25,2,1,5,51,2,3,,15,1,
12,Coated Cloak,,,1,200,20,,3,51,2,3,4,,512,1
120,Bile-Infused Crystal,33,12,9,50,2,1,5,51,0,1,,15,0,
121,Ensnaring Fibers,37,12,9,80,2,1,9,51,18,19,,15,0,
122,Radiant Crystal,31,16,9,120,2,1,8,51,18,19,,15,0,
123,Lightning Crystal,34,16,9,200,2,1,7,51,18,19,,15,0,
124,Fire-Infused Crystal,30,20,9,250,2,1,7,51,18,19,,15,4,
125,Steel Javelin,20,6,12,10,2,6,2,50,9,10,,14,16,
126,Wooden Shield,,,4,10,80,,6,51,0,1,6,,,
127,Chitin Shield,,,4,40,100,,2,50,18,19,8,,,
128,Iron Shield,,,4,120,120,,6,51,2,3,10,,,
129,Steel Shield,,,4,250,140,,6,51,4,5,12,,,
13,Polar Fur Cloak,,,1,200,20,,3,51,2,3,4,,1024,1
130,Shaped Shield,,,4,600,160,,6,51,8,9,14,,,
131,Puresteel Shield,,,4,3000,60,,6,51,6,7,20,,,
132,Ironwood Shield,,,4,200,80,,6,51,0,1,6,,4,
133,Reflecting Shield,,,4,250,80,,6,51,0,1,6,,1024,
134,Clawbug Carapace,,,4,300,100,,2,50,18,19,8,,256,
135,Thorny Chitin,,,4,400,100,,2,50,18,19,8,,512,
136,Polished Shield,,,4,500,120,,6,51,2,3,10,,128,
137,Fyorascale Shield,,,4,600,120,,6,51,2,3,10,,4,
138,Glaahk Shield,,,4,700,140,,6,51,4,5,12,,516,
139,Polychromous Shield,,,4,750,140,,6,51,4,5,12,,256,
14,Fyoraskin Cloak,,,1,400,20,,3,51,4,5,5,,256,1
140,Infiltrator Shield,,,4,1000,100,,2,50,18,19,8,,1,
141,Agent's Shelter,,,4,1500,160,,6,51,8,9,14,,512,
142,Quicksilver Bulwark,,,4,2500,160,,6,51,8,9,14,,1024,
143,Stasis Shield,,,4,5000,60,,6,51,6,7,15,,64,
145,Sandals,,,6,8,10,,1,50,4,5,2,,,1
146,Fine Shoes,,,6,25,16,,1,50,14,15,3,,,1
147,Boots,,,6,20,30,,1,50,6,7,4,,,1
148,Shaped Boots,,,6,300,60,,1,50,16,17,7,,,1
149,Puresteel Boots,,,6,1000,30,,1,50,11,10,12,,,1
15,Infiltrator Cloak,,,1,500,20,,3,51,0,1,2,,128,1
150,Grounded Shoes,,,6,100,16,,1,50,14,15,3,,1,1
151,Vat Shoes,,,6,100,16,,1,50,14,15,3,,4,1
152,Nimble Sandals,,,6,200,10,,1,50,4,5,2,,2,1
153,Clover Boots,,,6,400,30,,1,50,6,7,4,,4,1
154,Spectral Boots,,,6,500,30,,1,50,6,7,5,,1,1
155,Samaritan Sandals,,,6,600,10,,1,50,4,5,2,,1,1
156,Swamp Boots,,,6,700,30,,1,50,6,7,4,,2,1
157,Polychromous Shoes,,,6,1000,16,,1,50,14,15,3,,2,1
158,Captain's Boots,,,6,1000,60,,1,50,16,17,7,,4,1
159,Quicksilver Sandals,,,6,2500,10,,1,50,4,5,2,,128,1
16,Ratskin Shawl,,,1,700,20,,3,51,2,3,5,,512,1
160,Stability Boots,,,6,2500,60,,1,50,16,17,7,,2,1
161,Gazerskin Boots,,,6,3000,10,,1,50,4,5,2,,2,1
164,Belt,,,7,10,30,,1,50,8,9,2,,,1
165,Studded Belt,,,7,50,60,,3,50,16,17,4,,16,1
166,Shaped Belt,,,7,200,50,,1,50,2,3,6,,16,1
167,Puresteel Belt,,,7,1000,20,,1,50,2,3,12,,1,1
168,Student's Belt,,,7,100,30,,1,50,8,9,2,,2,1
169,Girdle of Strength,,,7,400,60,,3,50,16,17,4,,2,1
17,Shaped Fiber Cloak,,,1,800,20,,3,51,2,3,6,,16,1
170,Girdle of Nimbleness,,,7,400,60,,3,50,16,17,4,,4,1
171,Girdle of Insight,,,7,400,60,,3,50,16,17,4,,1,1
172,Girdle of Endurance,,,7,400,60,,3,50,16,17,4,,128,1
173,Shapemaster Belt,,,7,800,30,,1,50,8,9,2,,4,1
174,Girdle of Might,,,7,1000,50,,1,50,2,3,6,,2,1
175,Girdle of Avoidance,,,7,1000,50,,1,50,2,3,6,,4,1
176,Girdle of Genius,,,7,1000,50,,1,50,2,3,6,,16,1
177,Girdle of Life,,,7,1000,50,,1,50,2,3,6,,128,1
178,Projection Belt,,,7,1400,30,,1,50,8,9,2,,64,1
179,Polychromous Girdle,,,7,2000,20,,1,50,2,3,6,,64,1
18,Deadeye Cloak,,,1,800,20,,3,51,4,5,3,,,1
181,Gold Ring,,,5,100,1,,2,50,4,6,,,,1
182,Sapphire Ring,,,5,200,1,,2,50,4,13,,,,1
183,Platinum Ring,,,5,400,1,,2,50,11,5,,,,1
184,Ruby Ring,,,5,600,1,,2,50,11,12,,,,1
185,Shielding Band,,,5,250,1,,2,50,4,6,4,,2,1
186,Projection Band,,,5,400,1,,2,50,4,13,,,64,1
187,Chilling Band,,,5,500,1,,2,50,11,5,2,,1024,1
188,Static Band,,,5,500,1,,2,50,11,5,2,,512,1
19,Flamecaster's Shawl,,,1,1000,20,,3,51,4,5,3,,16,1
190,Rock,,,11,0,10,1,2,50,2,3,,22,,
191,Bag of Meal,,,11,10,70,1,3,51,18,19,,23,,
192,Stone Blocks,,,11,0,50,1,4,50,8,9,,,,
193,Pitcher,,,11,2,10,0,5,50,2,1,,,,
194,Bones,,,11,0,10,0,5,50,0,0,,17,,
195,Skull,,,11,0,10,0,2,51,15,15,,17,,
196,Pot,,,11,4,10,0,8,51,4,5,,,,
197,Mug,,,11,1,10,0,5,50,5,6,,,,
198,Trowel,,,11,1,10,0,5,50,7,8,,,,
199,Hammer,,,11,1,10,0,5,50,9,10,,,,
2,Coins,,,14,1,1,20,0,50,1,1,,,,
20,Essence-Infused Cape,,,1,1500,20,,3,51,4,5,8,,1,1
200,Limb,,,11,0,10,0,5,50,11,12,,18,,
201,Beaker,,,11,6,10,0,4,50,1,0,,19,,
202,Metal Bowl,,,11,4,10,0,4,50,3,2,,19,,
203,Shackles,,,11,2,10,0,4,50,5,4,,20,,
204,Hatchet,,,11,2,10,0,4,50,6,7,,24,,
205,Bowl,,,11,2,10,0,6,50,6,7,,25,,
206,Spoon,,,11,1,10,0,6,50,4,5,,25,,
207,Whip,,,11,6,10,0,6,50,2,3,,20,,
208,Trash,,,11,0,10,0,6,50,8,8,,21,,
209,Trash,,,11,0,10,0,6,50,9,9,,21,,
21,Agent Cloak,,,1,2000,20,,3,51,0,1,4,,4,1
210,Tools,,,11,20,10,0,4,50,14,15,,26,,
211,Basket,,,11,1,10,0,4,50,13,12,,,,
212,Research Notes,,,11,50,10,1,4,50,10,11,,6,,
213,Broken Baton,,,11,0,10,0,1,50,0,1,,7,,
214,Melted Sand,,,11,0,10,1,3,50,14,15,,,,
215,Shaper Equipment,,,11,70,30,1,7,50,16,16,,27,,
216,Shaper Equipment,,,11,50,30,1,7,50,17,17,,27,,
217,Lamp,,,9,3,30,1,7,50,1,0,,,,
218,Swamp Herbs,,,11,40,5,1,9,51,7,6,,32,,
219,Dried Herbs,,,11,40,5,1,9,51,7,6,,,512,
22,Guardian Cloak,,,1,2000,20,,3,51,2,3,8,,2,1
220,Healing Pod,201,10,9,70,1,1,3,50,2,3,,2,,
221,Curing Pod,211,15,9,70,1,1,8,50,0,1,,2,,
222,Speed Pod,216,20,9,150,1,1,8,50,2,3,,2,,
223,Essence Pod,220,25,9,100,1,1,8,50,4,5,,2,,
224,Major Healing Pod,201,20,9,170,1,1,3,50,2,3,,2,16,
225,Shielding Pod,180,8,9,100,1,1,8,50,0,1,,2,16,
226,Restoration Potion,201,30,9,500,1,1,7,51,3,2,,2,,
227,Berserker Pod,187,15,9,120,1,1,8,50,4,5,,2,16,
23,Symbiotic Cloak,,,1,2000,20,,3,51,0,1,8,,4,1
230,Healing Spores,202,10,9,120,1,1,3,50,8,9,,3,,
231,Curing Spores,212,12,9,120,1,1,8,50,6,7,,3,,
232,Speed Spores,217,25,9,250,1,1,8,50,8,9,,3,,
233,Major Healing Spores,202,20,9,200,1,1,8,50,10,11,,3,0,
234,Berserker Spores,186,12,9,150,1,1,8,50,16,17,,3,0,
235,Restoration Spores,202,30,9,400,1,1,3,50,8,9,,3,1024,
236,Chaotic Spores,176,10,9,150,1,1,3,50,8,9,,3,512,
237,Resistance Spores,101,10,9,200,1,1,3,50,8,9,,3,256,
238,Rod of Succor,202,15,15,100,10,6,3,50,12,13,,29,,
239,Rod of Alacrity,217,10,15,100,10,6,3,50,12,13,,29,1,
24,Drakonskin Cloak,,,1,5000,20,,3,51,4,5,12,,1,1
240,Rod of Defenses,227,10,15,100,10,6,3,50,12,13,,29,2,
241,Rod of Battle,232,10,15,100,10,6,3,50,12,13,,29,256,
244,Fruit,204,2,9,2,5,1,6,50,10,11,,1,,
245,Dried Meat,204,2,9,2,5,1,6,50,12,13,,1,,
246,Vegetable,204,2,9,2,5,1,6,50,14,15,,1,,
247,Bread,204,2,9,2,5,1,5,50,15,15,,1,,
248,Mushrooms,204,2,9,2,5,1,6,51,10,10,,1,,
249,Fish,204,2,9,2,5,1,0,51,16,16,,1,,
25,Robe,,,2,10,50,,0,50,6,7,6,9,,1
250,Mushroom,204,2,9,2,5,1,0,51,17,17,,1,,
251,Meat,204,2,9,2,5,1,0,51,19,19,,1,,
252,Roll,204,2,9,2,5,1,1,51,16,16,,1,,
253,Cake,204,2,9,2,5,1,1,51,7,7,,1,,
254,Kabob,204,2,9,2,5,1,1,51,10,10,,1,,
255,Living Tool,,,13,100,10,1,3,50,18,19,,4,,
26,Grounded Robe,,,2,200,50,,0,50,6,7,6,9,1,1
260,Pitcher,,,11,2,10,0,9,50,0,1,,,,
261,Bolt of Cloth,,,11,40,10,1,9,50,2,3,,,,
262,Bar of Iron,,,11,30,80,1,9,50,4,5,,,,
263,Bucket,,,11,2,10,0,9,50,6,7,,,,
264,Amphora,,,11,2,10,0,9,50,8,9,,,,
265,Golden Goblet,,,11,200,30,0,9,50,10,11,,,,
266,Plate,,,11,2,10,0,9,50,12,13,,,,
267,Sheet of Paper,,,11,12,2,1,9,50,14,15,,,,
268,Dice,,,11,12,2,0,0,51,0,0,,,,
269,Scalpel,,,11,12,2,0,0,51,1,1,,,,
27,Spidersilk Robe,,,2,400,50,,0,50,6,7,14,9,2,1
270,Thread,,,11,5,2,1,0,51,2,3,,,,
271,Trowel,,,11,1,2,0,0,51,4,4,,,,
272,Pen and Ink,,,11,1,2,0,0,51,5,5,,,,
273,Candle,190,2,9,2,5,1,0,51,6,6,,,,
274,Lamp,190,2,9,8,10,1,0,51,7,7,,,,
275,Potted Plant,,2,11,8,50,0,0,51,12,12,,,,
276,Clay Jug,,2,11,2,20,0,1,51,0,0,,,,
277,Clay Pot,,2,11,2,20,0,1,51,1,1,,,,
278,Teapot,,2,11,5,10,0,1,51,2,2,,,,
279,Mug,,2,11,3,10,0,1,51,3,3,,,,
28,Preservation Suit,,,2,1000,50,,0,50,18,19,10,9,2,1
280,Teacup,,2,11,3,10,0,1,51,4,4,,,,
281,Board Game,,2,11,12,30,0,1,51,5,5,,,,
282,Saw,,2,11,7,20,0,1,51,8,8,,,,
283,Board,,2,11,1,100,0,1,51,9,9,,,,
286,Cauldron,,,11,2,200,0,0,51,10,10,,,,
287,Puresteel Ring,,,11,2,200,0,2,51,3,2,,,,
288,Mandrake Tincture,,,11,500,10,1,5,50,2,1,,,1,
289,Demon's Bile,,,11,750,10,1,5,50,2,1,,,4,
29,Shaper Robe,,,2,2000,50,,0,50,6,7,12,,256,1
290,Saltweed,,,11,250,2,1,0,51,14,15,,,,
291,Wiry Moss,,,11,250,2,1,0,51,11,13,,,,
292,Crystalline Fibers,,,11,0,5,0,9,51,7,6,,,1024,
293,Pure Quicksilver,,,11,0,5,0,2,51,9,10,,,128,
294,Solidified Flame,,,11,0,5,0,2,51,9,10,,,0,
295,Unmelting Ice,,,11,0,5,0,2,51,9,10,,,1,
296,Ur-Drakon Skin,,,11,0,5,0,2,51,5,6,,,64,
297,Essence-Infused Iron,,,11,0,5,0,0,51,18,18,,,64,
298,Sunfire Greaves,,,17,0,130,,5,51,17,16,11,,1024,1
299,Starfire Greaves,,,17,0,130,,5,51,17,16,15,,1040,1
3,Coins,,,14,1,1,50,1,51,15,15,,,,
30,Specter Robe,,,2,2000,50,,0,50,6,7,15,,1024,1
300,Firesteel Greaves,,,17,0,130,,5,51,17,16,16,,1040,1
301,Black Skin Greaves,,,17,0,130,,5,51,17,16,13,,256,1
302,Charred Skin Greaves,,,17,0,130,,5,51,17,16,13,,272,1
303,Black Iron Greaves,,,17,0,130,,5,51,17,16,18,,272,1
304,Crystal Boots,,,6,0,60,,1,50,16,17,9,,256,1
305,Gladiator's Boots,,,6,0,60,,1,50,16,17,9,,272,1
306,Dreadnought Boots,,,6,0,60,,1,50,16,17,13,,272,1
307,Mercuric Boots,,,6,0,60,,1,50,16,17,8,,256,1
308,Black Shadow Boots,,,6,0,60,,1,50,16,17,8,,272,1
309,Assassin's Boots,,,6,0,60,,1,50,16,17,11,,272,1
31,Stability Suit,,,2,2500,50,,0,50,18,19,16,,128,1
310,Girdle of Command,,,7,0,50,,1,50,2,3,9,,512,1
311,Soulcharged Girdle,,,7,0,50,,1,50,2,3,9,,528,1
312,Girdle of Victory,,,7,0,50,,1,50,2,3,12,,528,1
313,Lifetender Girdle,,,7,0,50,,1,50,2,3,9,,1024,1
314,Lifebringer Girdle,,,7,0,50,,1,50,2,3,9,,1040,1
315,Medic's Sustainer,,,7,0,50,,1,50,2,3,12,,1040,1
316,Purifying Elixir,,,11,0,5,0,7,51,3,2,,,64,
32,Transference Suit,,,2,3000,50,,0,50,18,19,16,,2,1
321,Lucky Charm,,,11,600,10,,0,51,0,0,,,,
322,Physician's Charm,,,11,1000,10,,0,51,1,1,,,1,
323,Skein of Wisdom,,,11,1000,10,,0,51,2,3,,,1,
324,Clawbug Charm,,,11,1000,10,,0,51,9,8,,,0,
325,Fyora Fang Charm,,,11,1000,10,,0,51,9,8,,,1024,
326,Mental Focus Charm,,,11,2500,10,,1,51,6,6,,,1024,
327,Infiltrator's Charm,,,11,2500,10,,1,51,6,6,,,2,
328,Blademaster Charm,,,11,2500,10,,2,51,0,1,,,4,
329,Puresteel Charm,,,11,2500,10,,9,51,16,17,,,1,
330,Essence Charm,,,11,2500,10,,9,51,16,17,,,0,
331,Gruesome Charm,,,11,1500,10,,2,51,7,8,,,,
332,Omnicharm,,,11,7500,10,,1,51,6,6,,,2,
333,Cryoa Claw Charm,,,11,1000,10,,0,51,9,8,,,1,
334,Shielding Trinket,,,11,600,10,,7,51,16,17,,,1,
335,Warmth Ring,,,5,700,1,,2,50,4,6,4,,256,1
336,Jade Band,,,5,700,1,,2,50,4,6,4,,4,1
337,Dhonal's Band,,,5,800,1,,2,50,11,12,,,16,1
338,Armor Band,,,5,1000,1,,2,50,4,6,7,,2,1
339,Ethereal Seal,,,5,1200,1,,2,50,11,5,6,,64,1
34,Tunic,,,2,5,20,,0,50,4,5,4,,,1
340,Mindwarp Seal,,,5,1400,1,,2,50,11,12,,,1,1
341,Impervious Band,,,5,2000,1,,2,50,4,6,10,,64,1
342,Forbidden Band,,,5,2500,1,,2,50,11,12,,,64,1
343,Ring of Eye's Purity,,,5,3000,1,,2,50,4,13,6,,2,1
344,Shaper's Boon,,,5,4000,1,,2,50,4,6,8,,4,1
345,Pants,,,17,8,10,,5,51,10,11,2,,,1
346,Leather Greaves,,,17,100,70,,5,51,15,14,4,,0,1
347,Plate Greaves,,,17,300,100,,5,51,13,12,6,,0,1
348,Shaped Greaves,,,17,800,130,,5,51,17,16,9,,0,1
349,Puresteel Greaves,,,17,2500,60,,5,51,17,16,15,,1,1
35,Tunic,,,2,5,20,,0,50,16,17,4,,,1
350,Swamp Pants,,,17,100,10,,5,51,10,11,2,,4,1
351,Fine Silk Pantaloons,,,17,400,10,,5,51,10,11,2,,1,1
352,Pustulant Greaves,,,17,500,70,,5,51,15,14,4,,4,1
353,Cryoaskin Greaves,,,17,500,70,,5,51,15,14,4,,1,1
354,Sod's Dancing Pants,,,17,1000,10,,5,51,10,11,2,,64,1
355,Lodestone Greaves,,,17,1500,100,,5,51,13,12,6,,64,1
356,Blasted Greaves,,,17,2000,130,,5,51,17,16,9,,256,1
357,Brutish Greaves,,,17,4000,60,,5,51,17,16,10,,16,1
358,Sapphire Legplates,,,17,750,100,,5,51,13,12,6,,1024,1
36,Chitin Armor,,,2,20,100,,0,50,8,9,10,,,1
360,Silver Necklace,,,16,80,4,,7,51,14,11,,,,
361,Gold Necklace,,,16,200,4,,7,51,15,13,,,,
362,Blessed Bauble,,,16,200,4,,7,51,14,8,2,,,
363,Stability Bauble,,,16,300,4,,7,51,14,9,2,,,
364,Tinker's Bauble,,,16,400,4,,7,51,14,11,2,,512,
365,Guardian Stone,,,16,500,4,,7,51,14,9,4,,256,
366,Tribal Fetish,,,16,600,4,,7,51,14,8,4,,1024,
367,Tiny Orb of the Sun,,,16,800,4,,7,51,14,11,4,,64,
368,Black Pearl Talisman,,,16,1000,4,,7,51,14,9,4,,128,
369,Volcanic Fetish,,,16,1000,4,,7,51,15,13,3,,2,
37,Chainmail Vest,,,2,200,125,,1,50,12,13,15,,,1
370,Blessed Necklace,,,16,1200,4,,7,51,15,12,2,,,
371,Ruby Necklace,,,16,1400,4,,7,51,15,12,4,,0,
372,Runed Jade Necklace,,,16,1600,4,,7,51,15,12,4,,4,
373,Puresteel Necklace,,,16,2500,4,,7,51,15,10,6,,1,
374,Demon Fang Talisman,,,16,3000,4,,7,51,14,8,8,,2,
375,Talisman of Might,,,16,4000,4,,7,51,14,9,4,,64,
376,Passage Stone,,,16,0,4,,7,51,14,8,2,,16,
38,Heavy Chitin Armor,,,2,300,125,,0,50,8,9,19,,16,1
385,Blessing Crystal,,,11,100,1,0,9,51,9,8,,8,,
386,Runed Ruby,,,11,200,1,0,9,51,11,10,,8,1,
387,Charging Stone,,,11,200,1,0,2,51,0,1,,8,0,
388,Runed Amethyst,,,11,200,1,0,9,51,11,10,,8,0,
389,Ivory Skull,,,11,300,1,0,2,51,15,15,,8,128,
39,Iron Breastplate,,,2,500,150,,0,50,14,15,23,,16,1
390,Runed Onyx,,,11,400,1,0,9,51,14,15,,8,64,
391,Tiny Orb of Mist,,,11,500,1,0,9,51,13,12,,8,0,
392,Steel Spine,,,11,500,1,0,0,51,9,8,,8,128,
393,Ethereal Bindings,,,11,750,1,0,9,51,18,19,,8,4,
394,Golden Crystal,,,11,800,1,0,9,51,14,15,,8,0,
4,Gemstone,,,11,200,1,1,2,50,7,8,,8,,
40,Steel Breastplate,,,2,750,180,,1,51,11,12,28,,16,1
400,Scissors,,,11,4,10,0,8,51,0,1,,,,
401,Pillow,,,11,2,10,0,8,51,2,2,,,,
402,Towel,,,11,2,10,0,8,51,3,3,,,,
403,Pot,,,11,3,10,0,8,51,4,5,,,,
404,Goblet,,,11,3,10,0,8,51,6,7,,,,
405,Rolling Pin,,,11,3,10,0,8,51,8,9,,,,
406,Ale,,,11,8,10,0,8,51,10,10,,,,
407,Wine,,,11,8,10,0,8,51,11,11,,,,
408,Broken Sword,,,11,0,50,0,8,51,13,12,,,,
409,Broom,,,11,3,50,0,8,51,15,14,,,,
41,Shaped Breastplate,,,2,1500,200,,1,50,18,19,34,,16,1
410,Mop,,,11,3,50,0,9,51,3,0,,,,
411,Shovel,,,11,8,50,0,9,51,4,1,,,,
412,Pick,,,11,8,50,0,9,51,5,2,,,,
413,Rope,,,11,8,50,0,6,51,18,15,,,,
414,Gold Bar,,,11,300,80,1,0,51,18,18,,,,
415,Pipe,,,11,20,6,0,1,51,17,17,,,,
416,Broken Clay,,,11,1,30,0,1,51,18,18,,,,
417,Broken Clay,,,11,1,30,0,1,51,19,19,,,,
418,Pincers,,,11,5,20,0,3,51,10,10,,,,
419,Tongs,,,11,5,20,0,3,51,11,11,,,,
42,Puresteel Plate,,,2,4000,140,,1,50,18,19,44,,4,1
420,Perfect Fyora Scale,,,11,100,10,1,6,51,14,13,,,8,
421,Perfect Drayk Scale,,,11,400,10,1,6,51,14,13,,,16,
422,Perfect Drakon Scale,,,11,1000,10,1,6,51,14,13,,,256,
423,Artila Eye,,,11,200,10,1,5,51,9,8,,,0,
424,Glaahk Eye,,,11,400,10,1,5,51,9,8,,,4,
425,Eyebeast Eye,,,11,1200,10,1,5,51,9,8,,,2,
426,Roamer Fang,,,11,100,10,1,5,51,5,4,,,0,
427,Rotghroth Fang,,,11,1000,10,1,5,51,5,4,,,4,
428,Vlish Tentacle,,,11,200,10,1,5,51,7,6,,,0,
43,Vat Chitin,,,2,200,100,,0,50,8,9,12,,512,1
434,Perfected Cloak,,,1,0,20,,3,51,2,3,8,,16,1
435,Perfected Greaves,,,17,0,130,,5,51,17,16,12,,0,1
436,Perfected Gauntlets,,,8,0,60,,2,50,16,17,8,16,,1
437,Perfected Boots,,,6,0,60,,1,50,16,17,9,,,1
438,Perfected Belt,,,7,0,50,,1,50,2,3,8,,16,1
44,Coated Chitin,,,2,250,100,,0,50,8,9,12,,256,1
446,Fishing Pole,,,11,5,20,0,4,50,16,16,,,,
447,Scales,,,11,15,30,0,4,50,17,17,,,,
448,Blanket,,,11,3,30,0,4,50,18,18,,,,
449,Cloth Bandage,205,4,9,10,5,1,4,50,19,19,,,,
45,Emberrune Chitin,,,2,300,100,,0,50,8,9,13,,1024,1
450,Clay Pot,,,11,5,40,0,2,51,16,16,,,,
451,Lantern,190,2,9,10,20,1,2,51,17,17,,,,
452,Broken Pot,,2,11,1,30,0,2,51,18,18,,,,
453,Bone,,2,11,1,10,0,2,51,19,19,,,,
454,Clay Bowl,,2,11,3,15,0,3,51,16,16,,,,
455,Clay Brick,,2,11,1,40,0,3,51,17,17,,,,
456,Bag of Meal,,2,11,10,70,1,3,51,18,19,,23,,
457,Calipers,,2,11,12,10,0,4,51,18,19,,,,
458,Vase,,2,11,20,20,0,4,51,16,16,,,,
459,Spoon,,,11,3,3,0,6,50,16,16,,,,
46,Thahdskin Tunic,,,2,400,20,,0,50,4,5,10,,4,1
460,Fork,,,11,3,3,0,6,50,17,17,,,,
461,Kitchen Knife,,,11,3,3,0,6,50,18,18,,,,
462,Access Crystal,,,11,0,1,1,2,50,7,8,,,64,
465,Gloves,,,8,8,10,,2,50,0,1,2,16,,1
466,Gauntlets,,,8,50,30,,2,50,14,15,4,16,,1
467,Shaped Gauntlets,,,8,250,60,,2,50,16,17,6,16,,1
468,Puresteel Gauntlets,,,8,1000,30,,2,50,16,17,12,16,128,1
469,Carnelian Gloves,,,8,100,10,,2,50,0,1,2,16,2,1
47,Venom Chainmail,,,2,500,125,,1,50,12,13,16,,512,1
470,Thirsting Gloves,,,8,400,10,,2,50,0,1,2,16,4,1
471,Tinker's Gloves,,,8,600,10,,2,50,0,1,2,16,1,1
472,Piercing Gauntlets,,,8,800,30,,2,50,14,15,4,16,512,1
473,Firecaster Gauntlets,,,8,1000,30,,2,50,14,15,4,16,256,1
474,Gauntlets of Succor,,,8,1000,30,,2,50,14,15,4,16,1024,1
475,Gloves of the Rock,,,8,2000,60,,2,50,16,17,6,16,1,1
476,Gloves of the Hammer,,,8,2500,60,,2,50,16,17,6,16,2,1
477,Ornkskin Gauntlets,,,8,3000,60,,2,50,16,17,6,16,4,1
478,Lodestone Gauntlets,,,8,4000,30,,2,50,16,17,9,16,64,1
48,Infiltrator Tunic,,,2,600,20,,0,50,4,5,8,,1,1
480,Lifeforce Gauntlets,,,8,0,60,,2,50,16,17,9,16,512,1
481,Gauntlets of Mastery,,,8,0,60,,2,50,16,17,9,16,528,1
482,Lifecraft Gauntlets,,,8,0,60,,2,50,16,17,12,16,528,1
483,Smoking Gauntlets,,,8,0,60,,2,50,16,17,9,16,1024,1
484,Blazing Gauntlets,,,8,0,60,,2,50,16,17,9,16,1040,1
49,Crystal-Woven Chain,,,2,700,125,,1,50,12,13,16,,1,1
5,Flawed Crystal,,,11,20,20,1,3,50,14,15,,,,
50,Quicksilver Chitin,,,2,800,100,,0,50,8,9,10,,128,1
51,Fibrous Breastplate,,,2,1000,150,,0,50,14,15,24,,1,1
52,Farsight Breastplate,,,2,1200,150,,0,50,14,15,24,,2,1
53,Quicksilver Chain,,,2,1600,125,,1,50,12,13,15,,1024,1
54,Vampiric Breastplate,,,2,2000,150,,0,50,14,15,23,,4,1
55,Quicksilver Plate,,,2,3000,200,,1,50,18,19,34,,1024,1
56,Essence Chitin,,,2,3000,125,,0,50,8,9,22,,4,1
57,Grounding Plate,,,2,3000,200,,1,50,18,19,34,,1024,1
58,Drakonian Plate,,,2,5000,140,,1,50,18,19,34,,64,1
59,Shaper Trueweave,,,2,6000,20,,0,50,4,5,20,,64,1
6,Lovely Crystal,,,11,40,20,1,3,50,14,15,,,2,
60,Stick,0,1,3,0,20,,0,50,2,3,,,,
61,Dagger,2,2,3,20,40,,4,51,0,1,,,,1
62,Steel Dagger,2,4,3,40,40,,3,51,15,14,,,,1
63,Bronze Shortsword,2,6,3,75,60,,4,51,5,4,,,,1
64,Iron Shortsword,2,8,3,120,60,,4,51,2,3,,,,1
65,Iron Broadsword,90,8,3,200,60,,4,51,5,6,,,,1
66,Steel Broadsword,90,11,3,500,60,,3,51,12,13,,,,1
67,Shaped Blade,90,14,3,1000,70,,4,51,13,12,,,,1
68,Puresteel Blade,90,25,3,2500,25,,7,50,9,8,,,,1
69,Stunning Blade,91,6,3,250,60,,4,51,5,4,,,256,1
7,Beautiful Crystal,,,11,80,20,1,3,50,14,15,,,4,
70,Shielding Knife,2,4,3,300,40,,3,51,15,14,6,,256,1
71,Living Knife,2,4,3,500,40,,3,51,15,14,4,,512,1
72,Captain's Shiv,2,4,3,700,40,,3,51,15,14,4,,1024,1
73,Empathy Blade,2,7,3,500,60,,4,51,9,8,,,,1
74,Thirsting Knife,2,7,3,600,60,,4,51,9,8,,,512,1
75,Singing Rapier,2,8,3,1000,60,,4,51,2,3,,,256,1
76,Flaming Sword,90,12,3,1500,60,,4,51,15,14,,,,1
77,Oozing Sword,93,12,3,1600,60,,4,51,15,14,,,4,1
78,Frozen Blade,94,13,3,1700,60,,4,51,15,14,,,1,1
79,Guardian Claymore,90,11,3,2000,60,,3,51,12,13,,,256,1
8,Animal Skin,,,11,40,25,1,2,51,5,6,,,0,
80,Charmed Falchion,90,11,3,2000,60,,3,51,12,13,,,512,1
81,Viper's Touch,92,14,3,2200,70,,4,51,13,12,,,512,1
82,Spectral Rapier,2,11,3,2500,60,,4,51,5,4,,,1024,1
83,Puresteel Soulblade,90,15,3,5000,25,,7,50,9,8,,,64,1
84,Tek's Spectral Dirk,2,8,3,3000,40,,4,51,0,1,,,64,1
87,Blue Spore Baton,,,15,2,10,12,5,50,13,14,,10,,
88,Green Spore Baton,,,15,2,10,12,5,50,13,14,,10,2,
89,Red Spore Baton,,,15,2,10,12,5,50,13,14,,10,1,
9,Fine Skin,,,11,160,25,1,2,51,5,6,,,16,
90,Thorn Baton,50,2,3,24,25,6,3,50,4,5,,11,,
91,Venom Baton,52,6,3,60,25,6,3,50,4,5,,11,512,
92,Acid Baton,54,6,3,120,25,6,7,50,12,13,,11,512,
93,Submission Baton,56,6,3,180,25,6,3,50,4,5,,11,256,
94,Reaper Baton,58,7,3,360,25,6,7,50,12,13,,11,256,
95,Wand of Weakness,36,8,3,50,30,6,8,50,12,13,,12,256,
96,Discipline Wand,25,8,3,70,30,6,3,50,10,11,,12,256,
97,Wand of Curses,35,12,3,50,30,6,2,51,13,14,,12,256,
98,Wand of Slow Time,37,8,3,100,30,6,2,51,12,11,,12,256,
99,Wand of Terror,38,12,3,200,30,6,8,50,12,13,,12,256,
